<?xml version="1.0" encoding="UTF-8" standalone="yes"?>
<addon id="plugin.video.ike" name="[B][COLOR gold]Team.Ike[/B][/COLOR]" version="1.1.2" provider-name="IKE">
  <requires>
    <import addon="xbmc.python" version="2.1.0"/>
    <import addon="script.module.beautifulsoup" version="3.2.1"/>
    <import addon="script.module.simple.downloader" version="0.9.4"/>
    <import addon="script.module.beautifulsoup4"/>
    <import addon="script.module.requests"/>
    <import addon="script.module.httplib2"/>
    <import addon="script.module.youtube.dl" optional="true"/>
    <import addon="plugin.video.youtube"/>
    <import addon="script.module.urlresolver" optional="true"/>
    <import addon="script.module.simplejson"/>
	<import addon="script.video.F4mProxy" version="2.8.7"/>
	<import addon="plugin.video.f4mTester" version="2.7.2"/>
	
  </requires>
  <extension point="xbmc.python.pluginsource" library="default.py">
        <provides>video</provides>
  </extension>
  <extension point="xbmc.addon.metadata">
    <summary lang="en">FILMES Online</summary>
    <description lang="en">FILMES ONLINE BY:TEAM IKE</description>
    <platform>all</platform>
  </extension>
</addon>
